,Title,Team,Rating,Times Listed,Number of Reviews,Genres,Plays,Playing,Backlogs,Wishlist
0,Elden Ring,['Bandai Namco Entertainment'; 'FromSoftware'],4.5,3.9K,3.9K,['Adventure'; 'RPG'],17K,3.8K,4.6K,4.8K
1,Hades,['Supergiant Games'],4.3,2.9K,2.9K,['Adventure'; 'Brawler'; 'Indie'; 'RPG'],21K,3.2K,6.3K,3.6K
2,The Legend of Zelda: Breath of the Wild,['Nintendo'; 'Nintendo EPD Production Group No. 3'],4.4,4.3K,4.3K,['Adventure'; 'RPG'],30K,2.5K,5K,2.6K
3,Undertale,['tobyfox'; '8-4'],4.2,3.5K,3.5K,['Adventure'; 'Indie'; 'RPG'; 'Turn Based Strategy'],28K,679,4.9K,1.8K
4,Hollow Knight,['Team Cherry'],4.4,3K,3K,['Adventure'; 'Indie'; 'Platform'],21K,2.4K,8.3K,2.3K
5,Minecraft,['Mojang Studios'],4.3,2.3K,2.3K,['Adventure'; 'Simulator'],33K,1.8K,1.1K,230
6,Omori,['OMOCAT'; 'PLAYISM'],4.2,1.6K,1.6K,['Adventure'; 'Indie'; 'RPG'; 'Turn Based Strategy'],7.2K,1.1K,4.5K,3.8K
7,Metroid Dread,['Nintendo'; 'MercurySteam'],4.3,2.1K,2.1K,['Adventure'; 'Platform'],9.2K,759,3.4K,3.3K
8,Among Us,['InnerSloth'],3,867,867,['Indie'; 'Strategy'],25K,470,776,126
9,NieR: Automata,['PlatinumGames'; 'Square Enix'],4.3,2.9K,2.9K,['Brawler'; 'RPG'],18K,1.1K,6.2K,3.6K
10,Persona 5 Royal,['Atlus USA'; 'Atlus'],4.4,2.7K,2.7K,['Adventure'; 'RPG'; 'Turn Based Strategy'],12K,2.3K,5.1K,3K
11,Stray,['BlueTwelve Studio'; 'Annapurna Interactive'],3.7,1.5K,1.5K,['Adventure'; 'Indie'],7.7K,801,2.5K,3.4K
12,God of War,['Sony Interactive Entertainment'; 'SIE Santa Monica Studio'],4.2,2.9K,2.9K,['Adventure'; 'Brawler'; 'RPG'],21K,1.1K,4.8K,2.6K
13,Portal 2,['Valve'; 'Electronic Arts'],4.4,2.9K,2.9K,['Adventure'; 'Platform'; 'Puzzle'; 'Shooter'],29K,471,3.9K,1.2K
14,Bloodborne,['FromSoftware'; 'Sony Computer Entertainment'],4.5,3.4K,3.4K,['Adventure'; 'RPG'],17K,1.1K,5.6K,3.3K
15,Celeste,['Extremely OK Games'; 'Maddy Makes Games'],4.2,2.8K,2.8K,['Adventure'; 'Indie'; 'Platform'],20K,1.2K,5.9K,2K
16,Yakuza 0,['Ryū Ga Gotoku Studios'; 'Sega'],4.4,2.7K,2.7K,['Adventure'; 'Brawler'; 'RPG'; 'Simulator'],15K,1.8K,6.4K,2K
17,Red Dead Redemption 2,['Take-Two Interactive'; 'Rockstar Games'],4.4,2.9K,2.9K,['Adventure'; 'RPG'; 'Shooter'],19K,1.7K,5.5K,2.9K
18,Portal,['Valve'; 'Electronic Arts'],4.1,2K,2K,['Platform'; 'Puzzle'; 'Shooter'],28K,244,2.7K,1.1K
19,Super Mario Odyssey,['Nintendo'],4.2,2.9K,2.9K,['Adventure'; 'Platform'],25K,710,2.9K,2K
20,Pokémon Legends: Arceus,['Nintendo'; 'Game Freak'],3.7,1.6K,1.6K,['Adventure'; 'RPG'; 'Turn Based Strategy'],9.1K,1.6K,2.5K,2.1K
21,Hi-Fi Rush,['Tango Gameworks'; 'Bethesda Softworks'],4.3,926,926,['Adventure'; 'Brawler'; 'Music'; 'Platform'],3K,866,1.5K,2K
22,Metal Gear Rising: Revengeance,['Konami'; 'PlatinumGames'],4.1,2.1K,2.1K,['Adventure'; 'Brawler'; 'Shooter'; 'Strategy'],14K,492,4.2K,2K
23,Grand Theft Auto V,['Rockstar North'; 'Rockstar Games'],3.8,2.1K,2.1K,['Adventure'; 'Shooter'],30K,829,3.2K,664
24,Cyberpunk 2077,['CD Projekt RED'],3.3,1.5K,1.5K,['Adventure'; 'RPG'; 'Shooter'],13K,1.5K,4.7K,2.9K
25,God of War Ragnarök,['Sony Interactive Entertainment'; 'SIE Santa Monica Studio'],4.4,1.7K,1.7K,['Adventure'; 'Brawler'],5.3K,801,2K,3.3K
26,Xenoblade Chronicles 3,['Monolith Soft'; 'Nintendo'],4.4,1.4K,1.4K,['Adventure'; 'RPG'],3.9K,795,2.1K,2.2K
27,Kirby and the Forgotten Land,['HAL Laboratory'; 'Nintendo'],4.2,1.6K,1.6K,['Adventure'; 'Platform'],5.9K,955,2.5K,3.1K
28,Disco Elysium: The Final Cut,['ZA/UM'],4.6,1.1K,1.1K,['Adventure'; 'Indie'; 'RPG'],6K,1.2K,5K,2.7K
29,Marvel's Spider-Man,['Insomniac Games'; 'Sony Interactive Entertainment'],4.1,2.5K,2.5K,['Adventure'; 'Brawler'],21K,577,2.9K,2.2K
30,Dark Souls III,['Bandai Namco Entertainment'; 'FromSoftware'],4.2,2.4K,2.4K,['Adventure'; 'RPG'],19K,851,4.3K,2.2K
31,NieR Replicant ver.1.22474487139...,['Toylogic'; 'Square Enix'],4.2,1.5K,1.5K,['Adventure'; 'RPG'],6.7K,880,4.1K,3.7K
32,Super Mario 64,['Nintendo'; 'Nintendo EAD'],4.1,2.6K,2.6K,['Adventure'; 'Platform'],21K,463,2.5K,775
33,Super Smash Bros. Ultimate,['Sora'; 'Nintendo'],4.1,2.5K,2.5K,['Fighting'; 'Platform'],25K,1.2K,1.1K,801
34,Cuphead,['Studio MDHR'],4.1,1.9K,1.9K,['Arcade'; 'Indie'; 'Platform'; 'Shooter'],18K,1.2K,4.5K,2.6K
35,Sekiro: Shadows Die Twice,['FromSoftware'; 'Activision'],4.4,2.3K,2.3K,['Adventure'; 'Brawler'],14K,919,4.8K,3.4K
36,Final Fantasy VII,['Square'; 'Eidos Interactive'],4.2,2.9K,2.9K,['Adventure'; 'RPG'; 'Turn Based Strategy'],15K,1.1K,5K,1.5K
37,Persona 4 Golden,['NIS America'; 'Atlus'],4.2,1.9K,1.9K,['Adventure'; 'RPG'; 'Simulator'; 'Visual Novel'],13K,1.5K,5.2K,2.2K
38,Genshin Impact,['miHoYo'; 'HoYoverse'],2.6,653,653,['Adventure'; 'RPG'],14K,2.7K,1.3K,280
39,Signalis,['rose-engine'; 'Humble Games'],4.2,820,820,['Adventure'; 'Indie'],2.2K,419,1.9K,2.2K
40,Resident Evil Village,['Capcom'],3.9,1.8K,1.8K,['Adventure'; 'Shooter'],9.9K,333,2.8K,2.8K
41,Super Mario Galaxy,['Nintendo EAD'; 'Nintendo'],4.3,2.7K,2.7K,['Adventure'; 'Platform'],21K,468,3.1K,1.2K
42,Fallout: New Vegas,['Obsidian Entertainment'; 'Bandai Namco Entertainment'],4.3,2K,2K,['RPG'; 'Shooter'],16K,756,5K,1.4K
43,Outer Wilds,['Mobius Digital'; 'Annapurna Interactive'],4.6,1.8K,1.8K,['Adventure'; 'Indie'; 'Puzzle'; 'Simulator'],7.7K,661,4.8K,3.1K
44,Resident Evil 2,['Capcom'; 'Capcom Development Division 1'],4.3,2.5K,2.5K,['Adventure'; 'Shooter'],15K,585,3.6K,1.9K
45,Doom,['id Software'; 'Bethesda Softworks'],4,1.8K,1.8K,['Shooter'],18K,541,4K,1.4K
46,Shin Megami Tensei V,['Atlus'; 'Sega'],3.8,1.1K,1.1K,['Adventure'; 'RPG'; 'Turn Based Strategy'],4.1K,1K,3.4K,2.6K
47,Bayonetta,['Nex Entertainment'; 'Sega'],3.9,1.7K,1.7K,['Brawler'; 'Shooter'],13K,614,5K,2.3K
48,Stardew Valley,['ConcernedApe'; 'Chucklefish Games'],4.1,1.7K,1.7K,['Indie'; 'RPG'; 'Simulator'; 'Strategy'],20K,2K,3.6K,1.1K
49,The Last of Us Part II,['Naughty Dog'; 'Sony Interactive Entertainment'],4.1,2.5K,2.5K,['Adventure'; 'Shooter'],13K,472,2.8K,2.5K
50,Silent Hill 2,['Team Silent'; 'Konami'],4.5,2.2K,2.2K,['Adventure'; 'Puzzle'],8.6K,282,2.9K,2.1K
51,The Witcher 3: Wild Hunt,['WB Games'; 'CD Projekt RED'],4.3,2K,2K,['Adventure'; 'RPG'],17K,1.2K,6.1K,1.6K
52,Persona 5,['Atlus'; 'Atlus USA'],4.1,1.8K,1.8K,['Adventure'; 'RPG'; 'Turn Based Strategy'],16K,630,2.8K,1.7K
53,Doom Eternal,['Bethesda Softworks'; 'id Software'],4.2,1.9K,1.9K,['Shooter'],12K,738,4.6K,2.4K
54,The Elder Scrolls V: Skyrim,['Bethesda Game Studios'; 'Bethesda Softworks'],3.7,1.7K,1.7K,['Adventure'; 'RPG'],22K,589,3K,1K
55,Neon White,['Ben Esposito'; 'Annapurna Interactive'],4.1,868,868,['Indie'; 'Platform'; 'Shooter'; 'Visual Novel'],2.9K,519,1.8K,2.3K
56,Devil May Cry 5,['Capcom'; 'Capcom Development Division 1'],4.3,1.9K,1.9K,['Adventure'; 'Brawler'],12K,524,4.1K,2.4K
57,Overwatch 2,['Blizzard Entertainment'],2.7,491,491,['Shooter'],6.6K,1.1K,292,171
58,Resident Evil 4,['Capcom'; 'Capcom Production Studio 4'],4.3,2.3K,2.3K,['Shooter'],14K,360,3K,1.2K
59,Final Fantasy VII Remake,['Square Enix'],4.1,2K,2K,['Adventure'; 'RPG'],12K,898,4.2K,2.2K
60,Sonic Frontiers,['Sega'; 'Sonic Team'],3.6,974,974,['Adventure'; 'Platform'],2.9K,491,1.3K,1.8K
61,Inscryption,['Devolver Digital'; 'Daniel Mullins Games'],4.1,1K,1K,['Adventure'; 'Card & Board Game'; 'Indie'; 'Puzzle'; 'Strategy'],5.4K,557,2.3K,2.3K
62,Tunic,['Andrew Shouldice'; 'Finji'],3.9,891,891,['Adventure'; 'Indie'; 'Puzzle'; 'RPG'],3.4K,489,2.4K,2.6K
63,Dark Souls,['FromSoftware'; 'Bandai Namco Entertainment'],4.3,2.1K,2.1K,['Adventure'; 'RPG'],14K,447,2.5K,1.4K
64,The Legend of Zelda: Ocarina of Time,['Nintendo'; 'Nintendo EAD'],4.3,2.2K,2.2K,['Adventure'; 'RPG'],17K,433,3K,1.4K
65,Deltarune: Chapter 2,['8-4'; 'tobyfox'],4.3,737,737,['Adventure'; 'Indie'; 'RPG'; 'Turn Based Strategy'],7.5K,222,2.1K,753
66,Chrono Trigger,['Square'],4.5,1.9K,1.9K,['Adventure'; 'RPG'],9.1K,518,4.9K,2.2K
67,Metal Gear Solid 2: Sons of Liberty,['Konami Computer Entertainment Japan'; 'Konami'],4.4,1.8K,1.8K,['Adventure'],10K,161,2.6K,1.4K
68,Super Mario World,['Nintendo'; 'Nintendo EAD'],4.2,2.1K,2.1K,['Adventure'; 'Platform'],18K,218,1.7K,460
69,Death Stranding,['Sony Interactive Entertainment'; 'Kojima Productions'],3.9,1.6K,1.6K,['Adventure'; 'RPG'; 'Shooter'],9.4K,934,4.8K,2.4K
70,Marvel's Spider-Man: Miles Morales,['Insomniac Games'; 'Sony Interactive Entertainment'],3.9,1.6K,1.6K,['Adventure'; 'Brawler'],9.9K,372,2.8K,2.8K
71,Dark Souls: Remastered,['Bandai Namco Entertainment'; 'QLOC'],4.3,1.4K,1.4K,['Adventure'; 'RPG'],11K,786,2.6K,1.6K
72,EarthBound,['Nintendo'; 'Creatures Inc.'],4.2,1.9K,1.9K,['Adventure'; 'RPG'; 'Turn Based Strategy'],9K,600,4.8K,1.8K
73,Castlevania: Symphony of the Night,['Konami'; 'Konami Computer Entertainment Tokyo'],4.4,1.9K,1.9K,['Adventure'; 'Platform'; 'RPG'],9.1K,316,3.4K,1.7K
74,Super Metroid,['Nintendo R&D1'; 'Nintendo'],4.3,2.2K,2.2K,['Adventure'; 'Platform'; 'Shooter'],11K,309,3K,907
75,Super Mario Bros.,['Nintendo'; 'Nintendo R&D4'],3.5,1.5K,1.5K,['Adventure'; 'Platform'],18K,59,733,237
76,The Legend of Zelda: Majora's Mask,['Nintendo'; 'Nintendo EAD'],4.4,2.2K,2.2K,['Adventure'],13K,347,3.9K,1.8K
77,Star Wars Jedi: Fallen Order,['Respawn Entertainment'; 'Electronic Arts'],3.7,1.4K,1.4K,['Adventure'],13K,740,3.7K,1.3K
78,The Last of Us,['Naughty Dog'; 'Sony Computer Entertainment'],4.2,2K,2K,['Adventure'; 'Shooter'],17K,205,2K,1.4K
79,Terraria,['Re-Logic'; 'Headup Games'],4,1.3K,1.3K,['Adventure'; 'Indie'; 'Platform'; 'RPG'; 'Strategy'],18K,673,2.2K,593
80,Resident Evil 7: Biohazard,['Capcom'],3.9,1.8K,1.8K,['Adventure'; 'Shooter'],13K,326,3.1K,1.3K
81,Metal Gear Solid V: The Phantom Pain,['Konami'; 'Kojima Productions'],3.8,1.5K,1.5K,['Adventure'; 'Shooter'; 'Tactical'],14K,503,4.5K,1.2K
82,Overwatch,['Blizzard Entertainment'; 'Square Enix'],3.2,957,957,['Shooter'; 'Strategy'],19K,436,411,214
83,Half-Life 2,['Sierra Entertainment'; 'Valve'],4.2,1.7K,1.7K,['Shooter'],15K,257,3.5K,1K
84,Fire Emblem: Three Houses,['Intelligent Systems Co.; Ltd.'; 'Nintendo'],4,1.7K,1.7K,['Adventure'; 'RPG'; 'Strategy'; 'Tactical'; 'Turn Based Strategy'],12K,1.1K,3.5K,1.5K
85,Grand Theft Auto: San Andreas,['Rockstar Games'; 'Rockstar North'],4.1,1.5K,1.5K,['Adventure'; 'Racing'; 'Shooter'],19K,270,2.4K,742
86,13 Sentinels: Aegis Rim,['Vanillaware'; 'Atlus USA'],4.4,1.2K,1.2K,['Adventure'; 'Simulator'; 'Strategy'; 'Tactical'],3.7K,466,3.3K,2.5K
87,Persona 3 FES,['Atlus'; 'Atlus USA'],4.1,1.4K,1.4K,['RPG'; 'Simulator'; 'Visual Novel'],8.4K,584,2.9K,1.5K
88,Devil May Cry,['Capcom Production Studio 4'; 'Capcom'],3.5,1.2K,1.2K,['Brawler'],10K,286,2.5K,1.1K
89,Mario Kart 8 Deluxe,['Nintendo of America'; 'Nintendo EPD'],4,1.5K,1.5K,['Arcade'; 'Racing'],19K,705,781,635
90,Fire Emblem Engage,['Nintendo'; 'Intelligent Systems'],3.9,593,593,['Adventure'; 'RPG'; 'Strategy'; 'Tactical'; 'Turn Based Strategy'],1.6K,874,929,1.1K
91,Pokémon Violet,['Game Freak'; 'Nintendo'],3.5,753,753,['Adventure'; 'RPG'; 'Turn Based Strategy'],3.4K,868,747,750
92,Hotline Miami,['Dennaton Games'; 'Devolver Digital'],4,1.4K,1.4K,['Arcade'; 'Indie'; 'Shooter'],14K,217,2.4K,928
93,Pizza Tower,['Tour De Pizza'],4.5,363,363,['Indie'; 'Platform'],1.2K,325,777,1.3K
94,Psychonauts 2,['Xbox Game Studios'; 'Double Fine Productions'],4.2,1.2K,1.2K,['Adventure'; 'Platform'],4.3K,315,2.8K,2.3K
95,Metroid Prime Remastered,['Nintendo'; 'Retro Studios'],4.5,372,372,['Adventure'; 'Platform'; 'Shooter'],1.1K,593,1.1K,1.4K
96,Halo Infinite,['Xbox Game Studios'; '343 Industries'],3.3,972,972,['Adventure'; 'Shooter'],6.4K,632,1.6K,959
97,Batman: Arkham Asylum,['Eidos Interactive'; 'Rocksteady Studios'],3.9,1.4K,1.4K,['Adventure'; 'Brawler'],17K,232,2.3K,672
98,Super Mario Sunshine,['Nintendo EAD'; 'Nintendo'],3.7,1.7K,1.7K,['Adventure'; 'Platform'],14K,403,3.3K,1K
99,Mother 3,['HAL Laboratory'; 'Nintendo'],4.5,1.6K,1.6K,['RPG'; 'Turn Based Strategy'],5.7K,287,3.6K,1.9K
100,MultiVersus,['Player First Games'; 'WB Games'],2.8,480,480,['Fighting'],5.6K,341,361,216
101,Xenoblade Chronicles: Definitive Edition,['Monolith Soft'; 'Nintendo'],4.3,1.4K,1.4K,['RPG'],7.4K,849,3.6K,1.9K
102,Half-Life,['Sierra Entertainment'; 'Valve'],4,1.3K,1.3K,['Adventure'; 'Puzzle'; 'Shooter'],13K,322,2.9K,892
103,Marvel's Guardians of the Galaxy,['Square Enix'; 'Eidos Montréal'],3.8,1.1K,1.1K,['Adventure'; 'RPG'; 'Shooter'],5.1K,432,2.1K,1.3K
104,Danganronpa: Trigger Happy Havoc,['NIS America'; 'Spike ChunSoft'],3.5,1K,1K,['Adventure'; 'Point-and-Click'; 'Visual Novel'],12K,311,1.9K,716
105,Cult of the Lamb,['Devolver Digital'; 'Massive Monster'],3.6,589,589,['Adventure'; 'Brawler'; 'Indie'; 'RPG'; 'Simulator'; 'Strategy'],2.8K,546,1.6K,2.1K
106,Sonic Mania,['PagodaWest Games'; 'Sega'],4,1.3K,1.3K,['Adventure'; 'Platform'],12K,399,3.5K,786
107,Horizon Zero Dawn,['Guerrilla Games'; 'Sony Interactive Entertainment'],3.6,1.2K,1.2K,['Adventure'; 'RPG'; 'Shooter'],13K,689,4K,1.4K
108,Left 4 Dead 2,['Turtle Rock Studios'; 'Valve'],3.9,1.1K,1.1K,['Shooter'],19K,279,1.5K,358
109,League of Legends,['GOA Games Services Ltd.'; 'Riot Games'],2.1,484,484,['MOBA'; 'RPG'; 'Strategy'],13K,1.2K,324,52
110,Control,['505 Games'; 'Remedy Entertainment'],3.6,1.3K,1.3K,['Adventure'; 'Shooter'],9.6K,591,5.2K,1.3K
111,Doki Doki Literature Club!,['Team Salvato'],3.3,783,783,['Adventure'; 'Indie'; 'Visual Novel'],14K,131,1.5K,460
112,Batman: Arkham City,['DC Entertainment'; 'Rocksteady Studios'],4.1,1.6K,1.6K,['Adventure'; 'Brawler'],16K,192,2.7K,651
113,Yakuza Kiwami,['Sega'; 'Ryū Ga Gotoku Studios'],3.7,1.2K,1.2K,['Adventure'; 'Brawler'; 'RPG'],9.7K,439,3.4K,1K
114,Phoenix Wright: Ace Attorney,['Nintendo Australia'; 'Capcom'],4.1,1.3K,1.3K,['Adventure'; 'Point-and-Click'; 'Puzzle'; 'Visual Novel'],12K,418,1.9K,1K
115,Team Fortress 2,['Electronic Arts'; 'Valve'],3.9,955,955,['Shooter'],16K,505,532,158
116,Xenoblade Chronicles 2,['Monolith Soft'; 'Nintendo'],3.9,1.4K,1.4K,['Adventure'; 'RPG'],7.4K,453,2.7K,1.5K
117,Splatoon 3,['Nintendo'],4.1,840,840,['Platform'; 'Shooter'],3.5K,1K,632,1.1K
118,Chrome Dino,['Google'],3.5,124,124,['Arcade'],14K,122,197,35
119,Katana Zero,['Askiisoft'; 'Devolver Digital'],4.1,1.1K,1.1K,['Adventure'; 'Arcade'; 'Indie'; 'Platform'; 'Strategy'],9.3K,189,2.1K,1.5K
120,Life is Strange,"[""DON'T NOD""; 'Square Enix']",3.4,1.4K,1.4K,['Adventure'; 'RPG'],15K,209,2.1K,817
121,Dark Souls II: Scholar of the First Sin,['Bandai Namco Entertainment'; 'FromSoftware'],3.5,988,988,['Adventure'; 'RPG'],11K,443,2.7K,994
122,Deathloop,['Bethesda Softworks'; 'Arkane Studios'],3.5,897,897,['Adventure'; 'Shooter'],4.2K,389,2.4K,1.9K
123,Shadow of the Colossus,['Sony Computer Entertainment; Inc. (SCEI)'; 'Team Ico'],4.4,1.5K,1.5K,['Adventure'; 'Platform'; 'Puzzle'],10K,134,2.9K,1.7K
124,Teenage Mutant Ninja Turtles: Shredder's Revenge,['DotEmu'; 'Tribute Games'],3.8,880,880,['Arcade'; 'Brawler'; 'Indie'],3.5K,226,875,829
125,Sifu,['Sloclap'; 'Kepler Interactive'],3.8,633,633,['Brawler'; 'Indie'],2.7K,283,1.7K,2.3K
126,Super Mario Bros. 3,['Nintendo R&D4'; 'Nintendo'],4,1.6K,1.6K,['Platform'],14K,109,1.4K,362
127,Dishonored,['Arkane Studios'; 'Bethesda Softworks'],3.9,1.1K,1.1K,['Adventure'; 'RPG'],14K,268,3.1K,866
128,Metal Gear Solid 3: Snake Eater,['Konami Computer Entertainment Japan'; 'Konami'],4.5,1.5K,1.5K,['Adventure'; 'Shooter'; 'Tactical'],9.2K,118,2.4K,1.3K
129,Journey,['Sony Computer Entertainment'; 'ThatGameCompany'],3.9,1.5K,1.5K,['Adventure'; 'Platform'],12K,94,2.7K,1.7K
130,Kingdom Hearts,['Square'; 'Disney Interactive Studios'],3.6,1.3K,1.3K,['Adventure'; 'RPG'],12K,266,2.1K,1K
131,Titanfall 2,['Respawn Entertainment'; 'Electronic Arts'],4.1,1.3K,1.3K,['Adventure'; 'Shooter'],12K,163,2.1K,656
132,Doom,['Activision'; 'id Software'],4,1.4K,1.4K,['Shooter'],11K,203,1.5K,514
133,Live A Live,['Square Enix'],4.1,555,555,['RPG'],1.1K,235,1.7K,1.9K
134,The Last of Us Remastered,['Naughty Dog'; 'Sony Computer Entertainment'],4.3,1.1K,1.1K,['Adventure'; 'Shooter'],12K,258,1.8K,682
135,Sonic the Hedgehog,['Sonic Team'; 'Sega'],3.1,1.1K,1.1K,['Platform'],12K,60,804,243
136,Rocket League,['Psyonix'],3.4,917,917,['Indie'; 'Racing'; 'Sport'],17K,564,698,113
137,Batman: Arkham Knight,['Rocksteady Studios'; 'Warner Bros. Interactive Entertainment'],3.7,1.2K,1.2K,['Adventure'; 'Brawler'],13K,279,3.4K,757
138,Bayonetta 3,['PlatinumGames'; 'Nintendo'],3.7,690,690,['Brawler'],1.6K,235,1.6K,2.2K
139,Disco Elysium,['ZA/UM'],4.6,1.1K,1.1K,['Adventure'; 'RPG'; 'Turn Based Strategy'],4K,478,2.8K,1.9K
140,Guilty Gear: Strive,['Bandai Namco Studios'; 'Arc System Works'],3.9,810,810,['Fighting'],5.5K,713,805,1.2K
141,Wii Sports,['Nintendo'; 'Nintendo EAD Group No. 2'],3.7,775,775,['Simulator'; 'Sport'],18K,39,320,93
142,Hogwarts Legacy,['Portkey Games'; 'Avalanche Software'],3.5,474,474,['Adventure'; 'RPG'],1.4K,766,686,1.6K
143,Mario Kart Wii,['Nintendo'; 'Nintendo EAD'],3.9,1K,1K,['Racing'],19K,88,461,168
144,Resident Evil 3,['K2'; 'Capcom'],3.2,1.3K,1.3K,['Adventure'; 'Shooter'],8.4K,157,2.4K,1.6K
145,Unpacking,['Witch Beam'; 'Humble Games'],3.6,751,751,['Indie'; 'Point-and-Click'; 'Puzzle'; 'Simulator'],4.9K,216,996,1.3K
146,Red Dead Redemption,['Rockstar Games'; 'Rockstar North'],4.2,1.5K,1.5K,['Adventure'; 'RPG'; 'Shooter'],13K,218,2.4K,1.6K
147,Tales of Arise,['Bandai Namco Entertainment'; 'Bandai Namco Studios'],3.6,650,650,['Adventure'; 'RPG'],3.1K,571,2.3K,1.9K
148,Deltarune: Chapter 1,['8-4'; 'tobyfox'],3.9,591,591,['Adventure'; 'Indie'; 'RPG'; 'Turn Based Strategy'],11K,107,1.8K,729
149,Dead Space,['Motive Studios'; 'Electronic Arts'],4.3,501,501,['Adventure'; 'RPG'; 'Shooter'],1.3K,248,985,1.9K
150,Tomb Raider,['Square Enix'; 'Crystal Dynamics'],3.5,896,896,['Adventure'; 'Platform'; 'Puzzle'; 'Shooter'],15K,175,2.7K,508
151,Super Mario Galaxy 2,['Nintendo EAD'; 'Nintendo'],4.3,1.8K,1.8K,['Adventure'; 'Platform'],13K,123,2.5K,1.3K
152,Donkey Kong Country,['Rare'],3.9,1.3K,1.3K,['Adventure'; 'Platform'],11K,186,1.9K,514
153,What Remains of Edith Finch,['Annapurna Interactive'; 'Giant Sparrow'],4,1.4K,1.4K,['Adventure'; 'Indie'; 'Puzzle'],8.6K,61,2.2K,1.3K
154,Monster Hunter Rise,['Capcom'; 'Capcom Development Division 2'],4,789,789,['Adventure'; 'Brawler'; 'RPG'],5.7K,1.1K,1.8K,1.3K
155,Pokémon Emerald,['Nintendo'; 'Game Freak'],4,1.2K,1.2K,['Adventure'; 'RPG'; 'Turn Based Strategy'],16K,219,1K,376
156,NEO: The World Ends with You,['Square Enix'],4.2,725,725,['Brawler'; 'RPG'],2.5K,357,2.4K,2K
157,Assassin's Creed II,['Ubisoft Montreal'; 'Ubisoft Entertainment'],3.8,1.3K,1.3K,['Adventure'; 'Platform'],16K,140,1.5K,521
158,Pokémon Scarlet,['Nintendo'; 'Game Freak'],3.5,596,596,['Adventure'; 'RPG'; 'Turn Based Strategy'],2.6K,580,489,496
159,Dead Space,['EA Redwood Shores'; 'Electronic Arts'],4,1.2K,1.2K,['Shooter'],9.6K,302,2.7K,1.1K
160,New Super Mario Bros.,['Nintendo'],3.5,991,991,['Adventure'; 'Platform'],16K,108,824,287
161,Shadow of the Colossus,['Sony Interactive Entertainment'; 'Bluepoint Games'],4.1,1.1K,1.1K,['Adventure'; 'Platform'; 'Puzzle'],7.8K,242,3.2K,1.6K
162,Horizon Forbidden West,['Guerrilla Games'; 'Sony Interactive Entertainment'],3.8,830,830,['Adventure'; 'RPG'],2.7K,561,2.1K,2.3K
163,God of War,['SCE Santa Monica Studio'; 'Sony Computer Entertainment'],3.6,981,981,['Adventure'; 'Brawler'; 'Strategy'],11K,158,1.5K,896
164,Detroit: Become Human,['Quantic Dream'; 'Sony Interactive Entertainment'],3.5,1K,1K,['Adventure'; 'Puzzle'],11K,216,2.2K,1.3K
165,Final Fantasy XV,['Square Enix'],3.3,1.1K,1.1K,['Adventure'; 'RPG'],11K,374,3.2K,1.1K
166,Persona 5 Strikers,['Omega Force'; 'Sega'],3.7,993,993,['Adventure'; 'Brawler'; 'RPG'],5.1K,779,3.6K,1.6K
167,Limbo,['Microsoft Game Studios'; 'Playdead'],3.5,965,965,['Adventure'; 'Indie'; 'Platform'; 'Puzzle'],13K,129,2.2K,852
168,Pokémon Platinum,['Nintendo'; 'Game Freak'],4.1,1.4K,1.4K,['Adventure'; 'RPG'; 'Turn Based Strategy'],14K,254,1.3K,461
169,Stranger of Paradise: Final Fantasy Origin,['Team NINJA'; 'Square Enix'],3.6,607,607,['Adventure'; 'RPG'],1.6K,180,1.3K,1.4K
170,Killer7,['Capcom'; 'Grasshopper Manufacture'],4.3,1.2K,1.2K,['Adventure'; 'Shooter'],2.8K,237,2.5K,1.3K
171,Grand Theft Auto IV,['Rockstar North'; 'Rockstar Games'],3.8,1.1K,1.1K,['Adventure'; 'Racing'; 'Shooter'],14K,258,1.9K,721
172,Metroid: Zero Mission,['Nintendo R&D1'; 'Nintendo'],4,1.2K,1.2K,['Adventure'; 'Platform'; 'Shooter'],7.5K,148,1.5K,700
173,Final Fantasy X,['Square Electronic Arts'; 'Square'],4.1,1.5K,1.5K,['Adventure'; 'RPG'],8.5K,330,2.9K,990
174,Danganronpa 2: Goodbye Despair,['NIS America'; 'Spike ChunSoft'],3.9,972,972,['Adventure'; 'Point-and-Click'; 'Visual Novel'],9.9K,288,1.8K,605
175,Final Fantasy IX,['Square'; 'Square Electronic Arts'],4.3,1.6K,1.6K,['RPG'; 'Turn Based Strategy'],6.8K,350,3.6K,1.2K
176,Halo 3,['Bungie'; 'Microsoft Game Studios'],4.2,1.6K,1.6K,['Shooter'],12K,101,1.5K,528
177,Metroid Fusion,['Nintendo'; 'Nintendo R&D1'],4,1.3K,1.3K,['Adventure'; 'Platform'; 'Shooter'],7.9K,146,2K,799
178,Final Fantasy VI,['Square Enix'; 'Square'],4.4,1.6K,1.6K,['Adventure'; 'RPG'],6.1K,312,3.3K,1.3K
179,VA-11 Hall-A: Cyberpunk Bartender Action,['Ysbryd Games'; 'SUKEBAN'],4.1,940,940,['Adventure'; 'Indie'; 'Simulator'; 'Visual Novel'],5.4K,469,2.8K,1.5K
180,Dead Cells,['Motion Twin'],3.8,802,802,['Adventure'; 'Indie'; 'Platform'],9.2K,737,2.8K,1.4K
181,Far Cry 3,['Ubisoft Entertainment'; 'Ubisoft Montreal'],3.7,983,983,['Adventure'; 'Shooter'],14K,188,1.9K,660
182,The Stanley Parable: Ultra Deluxe,['Crows Crows Crows'],4.1,592,592,['Adventure'; 'Simulator'],3.2K,141,1.1K,1.3K
183,SuperHot,['IMGN.PRO'; 'SUPERHOT Team'],3.7,835,835,['Fighting'; 'Indie'; 'Puzzle'; 'Shooter'; 'Tactical'],12K,95,1.7K,842
184,Plants vs. Zombies,['PopCap Games'],3.7,719,719,['Puzzle'; 'Real Time Strategy'; 'Simulator'; 'Strategy'; 'Tactical'],14K,117,493,82
185,Ori and the Blind Forest,['Moon Studios'; 'Microsoft Studios'],3.9,780,780,['Adventure'; 'Platform'; 'Puzzle'],7.9K,260,2.9K,1.4K
186,Demon's Souls,['Bluepoint Games'; 'Sony Interactive Entertainment'],3.9,880,880,['Adventure'; 'RPG'],4.1K,403,2.4K,2.1K
187,A Plague Tale: Innocence,['Focus Entertainment'; 'Asobo Studio'],3.7,852,852,['Adventure'; 'RPG'],5.4K,202,2.6K,1K
188,The Legend of Zelda: Link's Awakening,['Nintendo'; 'Grezzo'],3.9,1.1K,1.1K,['Adventure'],7.6K,387,2.8K,2K
189,Assassin's Creed,['Ubisoft Montreal'; 'Ubisoft Entertainment'],2.9,801,801,['Adventure'; 'Platform'],13K,118,1.2K,496
190,Judgment,['Sega Games'; 'Ryu ga Gotoku Studios'],4.1,890,890,['Adventure'; 'RPG'],3.1K,358,2.3K,1.6K
191,Call of Duty: Black Ops,['Activision'; 'Treyarch'],3.7,920,920,['Shooter'],14K,44,611,318
192,Ratchet & Clank: Rift Apart,['Sony Interactive Entertainment'; 'Insomniac Games'],4,906,906,['Adventure'; 'Platform'; 'Shooter'],3.7K,218,1.5K,1.7K
193,Pokémon Black,['Nintendo'; 'Game Freak'],4,1K,1K,['Adventure'; 'RPG'; 'Turn Based Strategy'],12K,186,1.1K,461
194,The Stanley Parable,['Galactic Cafe'],3.8,767,767,['Adventure'; 'Indie'],10K,46,1.3K,833
195,The Legend of Zelda,['Nintendo EAD'; 'Nintendo'],3.2,1.2K,1.2K,['Adventure'],9.3K,132,1.5K,463
196,AI: The Somnium Files - Nirvana Initiative,['Spike ChunSoft'],3.9,455,455,['Adventure'; 'Puzzle'; 'Visual Novel'],1.5K,139,835,811
197,Ghost Trick: Phantom Detective,['Capcom'],4.4,830,830,['Adventure'; 'Puzzle'],3.6K,149,1.8K,1.2K
198,Dragon Quest XI S: Echoes of an Elusive Age - Definitive Edition,['Square Enix'],4.2,880,880,['Adventure'; 'RPG'],4.7K,748,3.1K,1.2K
199,Paper Mario: The Thousand-Year Door,['Nintendo'; 'Intelligent Systems Co.; Ltd.'],4.4,1.3K,1.3K,['Adventure'; 'RPG'; 'Turn Based Strategy'],6.7K,187,2.9K,1.5K
200,God of War II,['Sony Computer Entertainment; Inc. (SCEI)'; 'SIE Santa Monica Studio'],4,936,936,['Adventure'; 'Brawler'; 'Platform'],9.3K,89,1.3K,687
201,Mass Effect 2,['BioWare'; 'Electronic Arts'],4.3,1.3K,1.3K,['Adventure'; 'RPG'; 'Shooter'],9.6K,107,1.9K,645
202,Forza Horizon 5,['Playground Games'; 'Xbox Game Studios'],3.8,589,589,['Racing'],4.6K,589,712,594
203,Metal Gear Solid V: Ground Zeroes,['Konami'; 'Kojima Productions'],3.3,650,650,['Adventure'; 'RPG'; 'Shooter'; 'Strategy'],9.5K,53,1.7K,549
204,No More Heroes III,['Grasshopper Manufacture'],3.9,604,604,['Brawler'],1.6K,109,1.5K,1.4K
205,Banjo-Kazooie,['Microsoft Game Studios'; 'Rare'],4,1.2K,1.2K,['Adventure'; 'Platform'],7.4K,205,2.1K,765
206,Astro's Playroom,['SIE Japan Studio'; 'Sony Interactive Entertainment'],4,914,914,['Adventure'; 'Platform'],5.7K,82,358,249
207,Call of Duty: Black Ops II,['Treyarch'; 'Activision'],3.8,903,903,['Shooter'],13K,57,626,286
208,The Legend of Zelda: Skyward Sword HD,['Nintendo'; 'Nintendo EAD Software Development Group No.3'],3.8,639,639,['Adventure'; 'RPG'],3.7K,444,2.3K,1.3K
209,Mega Man X,['Rozner Labs Software Group'; 'Nintendo'],4.1,1.2K,1.2K,['Adventure'; 'Platform'; 'Shooter'],6.9K,76,1.1K,385
210,Subnautica,['Gearbox Publishing'; 'Unknown Worlds Entertainment'],3.8,712,712,['Adventure'; 'Indie'],7.2K,335,2.9K,944
211,Returnal,['Housemarque'; 'Sony Interactive Entertainment'],4,725,725,['Shooter'],2.4K,430,1.8K,1.6K
212,New Super Mario Bros. Wii,['Nintendo'; 'Nintendo EAD'],3.5,859,859,['Adventure'; 'Platform'],13K,85,696,241
213,Citizen Sleeper,['Fellow Traveller'; 'Jump Over The Age'],4.1,492,492,['Adventure'; 'Indie'; 'RPG'],1.2K,131,916,804
214,Yakuza 3 Remastered,['Ryū Ga Gotoku Studios'],3.3,755,755,['Adventure'; 'RPG'; 'Simulator'],4.3K,235,2.3K,904
215,Garry's Mod,['Facepunch Studios'; 'Valve'],3.8,478,478,['Indie'; 'Simulator'],12K,198,543,242
216,Wolfenstein: The New Order,['MachineGames'; 'Bethesda Softworks'],3.6,794,794,['Adventure'; 'Shooter'],8.4K,149,2.2K,722
217,Deus Ex,['Aspyr Media'; 'Ion Storm'],4.4,899,899,['RPG'; 'Shooter'],3.8K,189,2.7K,958
218,BioShock 2,['2K Marin'; '2K Games'],3.6,687,687,['Adventure'; 'RPG'; 'Shooter'],9.1K,103,3.3K,691
219,Soul Hackers 2,['Sega'; 'Atlus'],3.1,337,337,['RPG'],750,228,932,1.1K
220,Enter the Gungeon,['Dodge Roll'; 'Devolver Digital'],3.6,632,632,['Adventure'; 'Arcade'; 'Indie'; 'Shooter'],8.9K,403,2.4K,441
221,The House in Fata Morgana,['Dramatic Create'; 'NOVECT'],4.4,544,544,['Adventure'; 'Indie'; 'Visual Novel'],1.7K,250,1.5K,1.3K
222,Shovel Knight,['Yacht Club Games'],4,761,761,['Adventure'; 'Indie'; 'Platform'],8.5K,135,1.9K,1.2K
223,Firewatch,['Panic'; 'Campo Santo'],3.7,926,926,['Adventure'; 'Indie'],7.8K,99,1.6K,1.2K
224,Dark Souls II,['FromSoftware'; 'Bandai Namco Entertainment'],3.3,815,815,['Adventure'; 'RPG'],6.7K,128,1.4K,834
225,Blasphemous,['The Game Kitchen'; 'Team17'],3.7,647,647,['Adventure'; 'Brawler'; 'Indie'; 'Platform'; 'RPG'],4.2K,399,2.6K,1K
226,Final Fantasy XIV Online,['Square Enix'],3.7,643,643,['Adventure'; 'RPG'; 'Strategy'],5.9K,1.1K,818,363
227,Immortality,['Half Mermaid'],3.9,461,461,['Indie'; 'Point-and-Click'; 'Simulator'],1.2K,95,587,564
228,Resident Evil 6,['Capcom'],2.5,888,888,['Adventure'; 'Shooter'],7.8K,189,1.8K,552
229,Devil May Cry 3: Dante's Awakening,['Capcom'; 'Capcom Production Studio 1'],4.2,909,909,['Adventure'; 'Brawler'; 'Shooter'],6.1K,116,1.6K,648
230,The Last of Us Part I,['Sony Interactive Entertainment'; 'Naughty Dog'],4.4,395,395,['Adventure'; 'Shooter'],1.4K,131,678,1.1K
231,Super Meat Boy,['BlitWorks'; 'Team Meat'],3.5,605,605,['Adventure'; 'Indie'; 'Platform'],10K,153,1.8K,501
232,Mass Effect Legendary Edition,['BioWare'; 'EA'],4.5,581,581,['Adventure'; 'RPG'; 'Shooter'; 'Strategy'],2.8K,596,2.4K,930
233,Helltaker,['Vanripper'],3.3,419,419,['Adventure'; 'Indie'; 'Puzzle'],7.5K,59,1.1K,445
234,Pokémon Sword,['Game Freak'; 'Nintendo'],2.9,837,837,['Adventure'; 'RPG'],9.7K,301,924,500
235,Crash Bandicoot N. Sane Trilogy,['Activision'; 'Vicarious Visions'],3.8,654,654,['Adventure'; 'Platform'],7.7K,364,2.6K,986
236,Tetris,['Nintendo'],4.1,688,688,['Arcade'; 'Puzzle'],9.6K,54,175,66
237,Valorant,['Riot Games'],2.5,291,291,['Shooter'; 'Tactical'],8.2K,650,291,110
238,Super Mario 3D World,['Nintendo'],3.9,1.1K,1.1K,['Adventure'; 'Platform'],9.6K,93,787,432
239,Uncharted 3: Drake's Deception,['Naughty Dog'; 'Sony Computer Entertainment; Inc. (SCEI)'],3.6,941,941,['Adventure'; 'Platform'; 'Shooter'],11K,60,1.5K,477
240,Phoenix Wright: Ace Attorney - Trials and Tribulations,['Capcom'],4.4,995,995,['Adventure'; 'Visual Novel'],6.6K,172,1.6K,623
241,Yume Nikki,['Kikiyama'; 'DeNA Co.; Ltd.'],4,770,770,['Adventure'; 'Indie'],4K,155,1.6K,771
242,Max Payne,['Gathering of Developers'; 'Remedy Entertainment'],3.9,786,786,['Shooter'],6.3K,102,1.5K,742
243,Five Nights at Freddy's,['Clickteam'; 'Scottgames'],2.9,460,460,['Adventure'; 'Indie'; 'Point-and-Click'; 'Simulator'; 'Strategy'],8.4K,46,393,166
244,Donkey Kong Country 2: Diddy's Kong Quest,['Nintendo'; 'Rare'],4.2,1.2K,1.2K,['Adventure'; 'Platform'],6.6K,115,1.6K,455
245,Pokémon White,['Nintendo'; 'Game Freak'],4.1,814,814,['Adventure'; 'RPG'; 'Turn Based Strategy'],9K,115,705,270
246,Outlast,['Red Barrels'],3.3,547,547,['Adventure'; 'Indie'],7.5K,90,1.4K,401
247,Hitman 3,['IO Interactive'],4.1,702,702,['Adventure'; 'Shooter'; 'Tactical'],3.3K,242,1.5K,1.2K
248,Sable,['Raw Fury'; 'Shedworks'],3.5,433,433,['Adventure'; 'Indie'; 'Platform'; 'Puzzle'; 'RPG'],1.3K,165,1.4K,1.1K
249,Super Smash Bros. for Wii U,['Sora'; 'Nintendo'],3.5,684,684,['Fighting'; 'Platform'],11K,17,240,110
250,Kirby's Adventure,['HAL Laboratory'; 'Nintendo'],3.6,718,718,['Platform'],6K,61,690,217
251,Tekken 7,['Bandai Namco Entertainment'; 'Bandai Namco Studios'],3.8,663,663,['Fighting'],6.6K,247,670,354
252,Umineko: When They Cry Chiru,['07th Expansion'],4.6,324,324,['Adventure'; 'Visual Novel'],1.7K,108,582,493
253,Kingdom Hearts II Final Mix,['Buena Vista Games'; 'Square Enix'],4.5,704,704,['Adventure'; 'Brawler'; 'Platform'; 'RPG'; 'Shooter'],4.4K,92,732,274
254,Superliminal,['Pillow Castle Games'],3.6,487,487,['Adventure'; 'Indie'; 'Puzzle'; 'Shooter'],3.8K,76,1K,917
255,Death Stranding: Director's Cut,['Kojima Productions'; '505 Games'],4.2,334,334,['Adventure'],1.3K,382,1.5K,704
256,Persona 4,['Atlus'; 'NIS America'],4,815,815,['RPG'; 'Simulator'; 'Visual Novel'],5.7K,158,1K,599
257,Wordle,['Josh Wardle'; 'The New York Times'],3.2,118,118,['Puzzle'; 'Quiz/Trivia'],3K,125,26,5
258,The Sims 4,['Electronic Arts'; 'The Sims Studio'],3,458,458,['RPG'; 'Simulator'],8.3K,434,667,110
259,Far Cry 4,['Ubisoft Montreal'],3.2,558,558,['Adventure'; 'Shooter'; 'Tactical'],8.5K,90,1.3K,442
260,Sonic Forces,['Sega'; 'Sonic Team'],1.9,650,650,['Adventure'; 'Platform'; 'Strategy'],5K,42,723,212
261,To the Moon,['Freebird Games'; 'X.D. Network Inc.'],3.9,671,671,['Adventure'; 'Indie'; 'Point-and-Click'; 'Puzzle'; 'RPG'],4.7K,66,1.6K,925
262,Baba is You,['hempuli'],4,545,545,['Indie'; 'Puzzle'; 'Strategy'],4.6K,537,2K,1.2K
263,The Witcher 3: Wild Hunt - Game of the Year Edition,['CD Projekt RED'; 'CD Projekt'],4.5,475,475,['Adventure'; 'RPG'],6K,410,2.1K,467
264,Super Smash Bros.,['Nintendo'; 'HAL Laboratory'],3.4,688,688,['Fighting'; 'Platform'],9.8K,20,279,207
265,Super Mario 64 DS,['Nintendo EAD'; 'Nintendo'],3.6,614,614,['Adventure'; 'Platform'],9.1K,65,549,176
266,Halo 4,['343 Industries'; 'Microsoft Studios'],3,674,674,['Shooter'],7.6K,57,1.2K,277
267,Middle-earth: Shadow of Mordor,['Monolith Productions'; 'WB Games'],3.4,524,524,['Adventure'; 'Brawler'; 'RPG'],8.4K,106,1.7K,478
268,Mega Man 2,['Capcom'],3.6,857,857,['Adventure'; 'Platform'],6.1K,34,542,163
269,Phoenix Wright: Ace Attorney Trilogy,['Capcom'],4.3,516,516,['Adventure'; 'Puzzle'; 'Simulator'; 'Visual Novel'],4K,644,1.9K,779
270,Infamous: Second Son,['Sony Computer Entertainment'; 'Sucker Punch Productions'],3.4,668,668,['Adventure'; 'Platform'; 'Shooter'],7.6K,71,1.3K,574
271,Star Wars: Knights of the Old Republic,['BioWare'; 'LucasArts'],4.2,839,839,['Adventure'; 'RPG'],5.3K,180,2.3K,705
272,No More Heroes 2: Desperate Struggle,['Ubisoft Entertainment'; 'Grasshopper Manufacture'],3.5,608,608,['Adventure'; 'Brawler'],3.2K,68,1.5K,855
273,Kirby Super Star Ultra,['Nintendo of Europe'; 'HAL Laboratory'],4.3,743,743,['Adventure'; 'Platform'],5.8K,47,773,427
274,"Flower, Sun, and Rain",['Grasshopper Manufacture'; 'Victor Interactive Software'],4.3,466,466,['Adventure'; 'Puzzle'],632,32,1K,1.1K
275,Katamari Damacy,['Namco'; 'NOW Production'],4.2,939,939,['Adventure'; 'Puzzle'],4.1K,60,1K,761
276,Shadow the Hedgehog,['Sega'; 'Sonic Team'],2.4,584,584,['Adventure'; 'Platform'; 'Shooter'],5.6K,45,731,423
277,Ōkami HD,['Clover Studio'; 'Capcom'],4.2,527,527,['Adventure'; 'RPG'],3.3K,321,3.1K,1.2K
278,Metroid: Samus Returns,['MercurySteam'; 'Nintendo'],3.6,674,674,['Adventure'; 'Platform'],3.9K,149,1.4K,686
279,Life is Strange: True Colors,['Deck Nine'; 'Square Enix'],3.6,566,566,['Adventure'],2.3K,126,852,1.1K
280,Pokémon Black Version 2,['Game Freak'; 'Nintendo'],4.2,776,776,['Adventure'; 'RPG'; 'Turn Based Strategy'],7.6K,130,1.1K,449
281,Needy Streamer Overload,['Nintendo'; 'WSS playground'],3.5,216,216,['Adventure'; 'Indie'; 'Point-and-Click'; 'RPG'; 'Simulator'; 'Visual Novel'],1.2K,105,529,567
282,Borderlands,['2K Games'; 'Gearbox Software'],3.1,484,484,['RPG'; 'Shooter'],9.1K,98,1.2K,450
283,Hollow Knight: Voidheart Edition,['Team Cherry'],4.5,462,462,['Adventure'; 'Indie'; 'Platform'],3.9K,295,1.3K,363
284,Klonoa: Door to Phantomile,['Namco'],4.1,648,648,['Platform'],2.2K,63,877,590
285,Shadow of the Tomb Raider,['Eidos Montréal'; 'Square Enix'],3.3,522,522,['Adventure'; 'Shooter'],4.8K,161,2.8K,701
286,Mario & Luigi: Bowser's Inside Story,['Nintendo'; 'AlphaDream'],4.2,837,837,['Platform'; 'RPG'],6.6K,95,1.5K,629
287,Ghostrunner,['One More Level'; 'All In! Games'],3.5,486,486,['Adventure'; 'Platform'; 'Shooter'],3.3K,170,1.7K,783
288,Watch Dogs 2,['Ubisoft Montreal'; 'Ubisoft Entertainment'],3.3,554,554,['Adventure'; 'Shooter'],6.6K,125,1.9K,453
289,Mass Effect 3,['BioWare Edmonton'; 'Electronic Arts'],3.7,777,777,['Adventure'; 'RPG'; 'Shooter'],7.3K,79,1.5K,482
290,Goat Simulator,['Coffee Stain Studios'],2.4,337,337,['Adventure'; 'Indie'; 'Simulator'],8.4K,22,492,125
291,The Elder Scrolls V: Skyrim - Special Edition,['Bethesda Game Studios'; 'Bethesda Softworks'],4,439,439,['Adventure'; 'RPG'],6.5K,374,1.3K,319
292,Far Cry 5,['Ubisoft Entertainment'; 'Ubisoft Montreal'],3,558,558,['Adventure'; 'Shooter'],6.6K,169,1.2K,470
293,Call of Duty: Modern Warfare 3,['Sledgehammer Games'; 'Activision'],3.2,587,587,['Adventure'; 'Shooter'; 'Tactical'],10K,27,492,195
294,Friday Night Funkin',['ninja_muffin99'],2.8,203,203,['Music'],4.5K,67,230,171
295,Osu!,"['Dean ""ppy"" Herbert']",3.1,187,187,['Indie'; 'Music'],7.3K,426,234,90
296,The Legend of Zelda: Twilight Princess,['Nintendo'; 'Nintendo EAD Software Development Group No.3'],4.1,642,642,['Adventure'; 'RPG'],6K,82,1.1K,466
297,Bloodborne: The Old Hunters,['FromSoftware'; 'Sony Computer Entertainment'],4.6,266,266,['Adventure'; 'RPG'],4.4K,68,930,616
298,Fire Emblem Warriors: Three Hopes,['Nintendo'; 'Omega Force'],3.6,360,360,['Brawler'; 'RPG'; 'Simulator'; 'Strategy'; 'Tactical'],1.1K,305,761,576
299,Super Smash Bros. for Nintendo 3DS,['Nintendo'; 'Sora'],3.3,545,545,['Fighting'],10K,23,273,96
300,The Legend of Heroes: Trails to Azure,['Nihon Falcom'],4.5,519,519,['Adventure'; 'RPG'; 'Strategy'; 'Turn Based Strategy'],1.4K,72,714,701
301,Super Mario RPG: Legend of the Seven Stars,['Square'; 'Nintendo'],4,832,832,['Adventure'; 'Platform'; 'RPG'],4.4K,133,2.3K,858
302,Astral Chain,['PlatinumGames'; 'Nintendo'],3.6,568,568,['Adventure'; 'Brawler'],3.6K,210,2.3K,1.4K
303,DmC: Devil May Cry,['Ninja Theory'; 'Capcom'],3,432,432,['Adventure'; 'Brawler'],6.3K,62,1.2K,448
304,Dragon Age: Origins,['Electronic Arts'; 'BioWare'],4,712,712,['RPG'],6.1K,148,1.7K,534
305,Vagrant Story,['Square'; '(Archive) Square Product Development Division 4'],4,503,503,['Adventure'; 'RPG'],1K,59,1.6K,889
306,Amnesia: The Dark Descent,['Frictional Games'],3.5,525,525,['Adventure'; 'Indie'; 'Puzzle'],4.7K,86,1.8K,407
307,Monster Hunter Rise: Sunbreak,['Capcom'],4.3,217,217,['Brawler'; 'RPG'],1.1K,267,327,242
308,Super Mario Maker 2,['Nintendo EPD'; 'Nintendo'],3.7,689,689,['Platform'],6.6K,114,623,459
309,Fire Emblem: The Blazing Blade,['Intelligent Systems Co.; Ltd.'; 'Nintendo'],3.7,609,609,['RPG'; 'Strategy'; 'Tactical'],3.9K,158,1.2K,401
310,LEGO Marvel Super Heroes,"['WB Games'; ""Traveller's Tales""]",3.6,522,522,['Adventure'; 'Brawler'; 'Puzzle'],6K,65,592,126
311,Sonic Colors,['SEGA of America'; 'Sonic Team'],3.4,609,609,['Adventure'; 'Platform'],5.1K,44,690,342
312,Pokémon Moon,['The Pokémon Company'; 'Game Freak'],3.3,648,648,['Adventure'; 'RPG'; 'Strategy'; 'Turn Based Strategy'],7.9K,75,653,234
313,Zelda II: The Adventure of Link,['Nintendo'; 'Nintendo EAD'],2.6,756,756,['Adventure'; 'RPG'],4.5K,55,1.1K,290
314,Battlefield 4,['EA Digital Illusions CE'; 'Electronic Arts'],3.5,431,431,['Shooter'],7.1K,72,506,124
315,Dragon Ball Z: Budokai Tenkaichi 3,['Namco Bandai Games'; 'Spike'],3.9,435,435,['Fighting'],6.6K,32,278,135
316,WarioWare: Get It Together!,['Intelligent Systems'; 'Nintendo'],3.5,399,399,['Arcade'],2.2K,59,460,636
317,Beyond: Two Souls,['Quantic Dream'; 'Sony Computer Entertainment'],2.7,433,433,['Adventure'],5.4K,52,1.1K,524
318,Digimon Survive,['Bandai Namco Entertainment'; 'Witchcraft Inc.'],3.4,167,167,['Adventure'; 'RPG'; 'Simulator'; 'Strategy'; 'Turn Based Strategy'],454,148,525,602
319,Spiritfarer,['Thunder Lotus Games'],3.9,513,513,['Adventure'; 'Indie'; 'Platform'; 'Simulator'],2.3K,352,1.5K,918
320,Little Nightmares II,['Tarsier Studios'; 'Bandai Namco Entertainment'],4,569,569,['Adventure'; 'Platform'; 'Puzzle'],2.5K,78,1.2K,1.5K
321,The Evil Within 2,['Tango Gameworks'; 'Bethesda Softworks'],3.7,541,541,['Adventure'; 'RPG'; 'Shooter'],2.7K,76,1.4K,634
322,Bloons TD 6,['Ninja Kiwi'],3.8,241,241,['Strategy'; 'Tactical'],4.1K,331,343,73
323,Sayonara Wild Hearts,['Simogo'; 'Annapurna Interactive'],3.9,725,725,['Adventure'; 'Arcade'; 'Indie'; 'Music'],3.1K,37,721,789
324,Metro 2033 Redux,['Koch Media'; '4A Games'],3.6,363,363,['Adventure'; 'RPG'; 'Shooter'],3.9K,108,1.6K,260
325,Melty Blood: Type Lumina,['Delightworks'; 'French Bread'],3.6,194,194,['Fighting'; 'Visual Novel'],1.8K,159,301,473